STUDY,GENDER,HCC18,HCC22,HCC85,HCC96,HCC108,HCC111,AGE,RAF
ayis-test.png,0.04117546230554581,0.011910492554306984,0.0034756120294332504,0.25433921813964844,0.36244556307792664,0.31409215927124023,0.1206430122256279,69.29149031639099,9.999992847442627
