STUDY,GENDER,HCC18,HCC22,HCC85,HCC96,HCC108,HCC111,AGE,RAF
ayis-test.png,0.04117536172270775,0.011910486966371536,0.003475610166788101,0.2543390393257141,0.3624454140663147,0.3140919804573059,0.12064290046691895,69.29148435592651,9.999992847442627
